transaction_id,customer_id,product_id,quantity,unit_price,transaction_date
T001,C001,P001,2,500,2026-10-01
T002,C002,P002,1,1200,2026-10-01
T003,C003,P003,3,300,2026-10-01
T004,C004,P001,1,500,2026-10-01
T005,C005,P004,2,800,2026-10-01
T006,C001,P002,1,1200,2026-10-02
T007,C002,P003,4,300,2026-10-02
T008,C003,P004,1,800,2026-10-02
T009,C004,P005,2,1500,2026-10-02
T010,C005,P001,3,500,2026-10-02
T011,C001,P003,-1,300,2026-10-02
T012,C002,P999,2,500,2026-10-02
T013,C003,P002,0,1200,2026-10-02
T014,C999,P001,1,500,2026-10-02
T015,C004,P005,2,1500,2026-10-03
